CRLF2 	F232C 	acute-lymphoblastic-leukemia
JAK2 	R683S 	acute-lymphoblastic-leukemia
JAK2 	R683S 	acute-lymphoblastic-leukemia
JAK2 	R683T 	acute-lymphoblastic-leukemia
DNMT3A 	R882G 	acute-myeloid-leukemia
DNMT3A 	R882S 	acute-myeloid-leukemia
DNMT3A 	R882H 	acute-myeloid-leukemia
DNMT3A 	R882L 	acute-myeloid-leukemia
DNMT3A 	R882P 	acute-myeloid-leukemia
FLT3 	D835H 	acute-myeloid-leukemia
FLT3 	D835N 	acute-myeloid-leukemia
FLT3 	D835Y 	acute-myeloid-leukemia
FLT3 	D835A 	acute-myeloid-leukemia
FLT3 	D835V 	acute-myeloid-leukemia
FLT3 	D835E 	acute-myeloid-leukemia
FLT3 	D835E 	acute-myeloid-leukemia
FLT3 	I836L 	acute-myeloid-leukemia
FLT3 	I836M 	acute-myeloid-leukemia
IDH1 	R132G 	acute-myeloid-leukemia
IDH1 	R132S 	acute-myeloid-leukemia
IDH1 	R132H 	acute-myeloid-leukemia
IDH1 	R132L 	acute-myeloid-leukemia
IDH1 	R132P 	acute-myeloid-leukemia
IDH2 	R140L 	acute-myeloid-leukemia
IDH2 	R140Q 	acute-myeloid-leukemia
IDH2 	R172K 	acute-myeloid-leukemia
IDH2 	R172M 	acute-myeloid-leukemia
IDH2 	R172S 	acute-myeloid-leukemia
KIT 	D816H 	acute-myeloid-leukemia
KIT 	D816Y 	acute-myeloid-leukemia
KIT 	D816I 	acute-myeloid-leukemia
KIT 	D816V 	acute-myeloid-leukemia
SMO 	R199W 	basal-cell-carcinoma
SMO 	T349I 	basal-cell-carcinoma
SMO 	D473H 	basal-cell-carcinoma
SMO 	R485W 	basal-cell-carcinoma
SMO 	L515F 	basal-cell-carcinoma
SMO 	W535L 	basal-cell-carcinoma
SMO 	R562Q 	basal-cell-carcinoma
SMO 	A652V 	basal-cell-carcinoma
SMO 	P755F 	basal-cell-carcinoma
HER2 	G309A 	breast-cancer
HER2 	L755S 	breast-cancer
HER2 	L755_T759del 	breast-cancer
HER2 	D769H 	breast-cancer
HER2 	D769Y 	breast-cancer
HER2 	V777L 	breast-cancer
HER2 	G778_P780dup 	breast-cancer
HER2 	V842I 	breast-cancer
HER2 	R896C 	breast-cancer
PIK3CA 	E545K 	breast-cancer
PIK3CA 	E545Q 	breast-cancer
PIK3CA 	E545A 	breast-cancer
PIK3CA 	E545G 	breast-cancer
PIK3CA 	E545V 	breast-cancer
PIK3CA 	Q546E 	breast-cancer
PIK3CA 	Q546K 	breast-cancer
PIK3CA 	Q546L 	breast-cancer
PIK3CA 	Q546P 	breast-cancer
PIK3CA 	Q546R 	breast-cancer
PIK3CA 	D549N 	breast-cancer
PIK3CA 	H1047L 	breast-cancer
PIK3CA 	H1047R 	breast-cancer
PTEN 	R233* 	breast-cancer
PTEN 	K267fs*9 	breast-cancer
BCR-ABL1 	Y253H 	chronic-myeloid-leukemia
BCR-ABL1 	E255K 	chronic-myeloid-leukemia
BCR-ABL1 	E255V 	chronic-myeloid-leukemia
BCR-ABL1 	V299L 	chronic-myeloid-leukemia
BCR-ABL1 	V299L 	chronic-myeloid-leukemia
BCR-ABL1 	T315A 	chronic-myeloid-leukemia
BCR-ABL1 	T315I 	chronic-myeloid-leukemia
BCR-ABL1 	F317C 	chronic-myeloid-leukemia
BCR-ABL1 	F317I 	chronic-myeloid-leukemia
BCR-ABL1 	F317L 	chronic-myeloid-leukemia
BCR-ABL1 	F317L 	chronic-myeloid-leukemia
BCR-ABL1 	F317L 	chronic-myeloid-leukemia
BCR-ABL1 	F317V 	chronic-myeloid-leukemia
BCR-ABL1 	F359C 	chronic-myeloid-leukemia
BCR-ABL1 	F359I 	chronic-myeloid-leukemia
BCR-ABL1 	F359V 	chronic-myeloid-leukemia
BRAF 	G469A 	colorectalCancer
BRAF 	G469E 	colorectalCancer
BRAF 	G469V 	colorectalCancer
BRAF 	D594G 	colorectalCancer
BRAF 	D594V 	colorectalCancer
BRAF 	G596R 	colorectalCancer
BRAF 	V600E 	colorectalCancer
KRAS 	G12C 	colorectalCancer
KRAS 	G12R 	colorectalCancer
KRAS 	G12S 	colorectalCancer
KRAS 	G12A 	colorectalCancer
KRAS 	G12D 	colorectalCancer
KRAS 	G12V 	colorectalCancer
KRAS 	G13C 	colorectalCancer
KRAS 	G13R 	colorectalCancer
KRAS 	G13S 	colorectalCancer
KRAS 	G13A 	colorectalCancer
KRAS 	G13D 	colorectalCancer
KRAS 	G13V 	colorectalCancer
KRAS 	Q61K 	colorectalCancer
KRAS 	Q61L 	colorectalCancer
KRAS 	Q61R 	colorectalCancer
KRAS 	Q61H 	colorectalCancer
KRAS 	Q61H 	colorectalCancer
KRAS 	K117N 	colorectalCancer
KRAS 	K117N 	colorectalCancer
KRAS 	A146P 	colorectalCancer
KRAS 	A146T 	colorectalCancer
KRAS 	A146V 	colorectalCancer
NRAS 	G12S 	colorectalCancer
NRAS 	G12A 	colorectalCancer
NRAS 	G12D 	colorectalCancer
NRAS 	G12V 	colorectalCancer
NRAS 	Q61K 	colorectalCancer
NRAS 	Q61R 	colorectalCancer
PIK3CA 	E545K 	colorectalCancer
PIK3CA 	E545Q 	colorectalCancer
PIK3CA 	E545A 	colorectalCancer
PIK3CA 	E545G 	colorectalCancer
PIK3CA 	E545V 	colorectalCancer
PIK3CA 	Q546E 	colorectalCancer
PIK3CA 	Q546K 	colorectalCancer
PIK3CA 	Q546L 	colorectalCancer
PIK3CA 	Q546P 	colorectalCancer
PIK3CA 	Q546R 	colorectalCancer
PIK3CA 	D549N 	colorectalCancer
PIK3CA 	H1047L 	colorectalCancer
PIK3CA 	H1047R 	colorectalCancer
PTEN 	R233* 	colorectalCancer
PTEN 	K267fs*9 	colorectalCancer
SMAD4 	D351H 	colorectalCancer
SMAD4 	D351N 	colorectalCancer
SMAD4 	D355E 	colorectalCancer
SMAD4 	R361C 	colorectalCancer
SMAD4 	R361S 	colorectalCancer
SMAD4 	R361H 	colorectalCancer
SMAD4 	D537Y 	colorectalCancer
BRAF 	V600E 	gist
BRAF 	G469L 	lung-cancer
BRAF 	G469A 	lung-cancer
BRAF 	Y472C 	lung-cancer
BRAF 	L597V 	lung-cancer
BRAF 	V600E 	lung-cancer
EGFR 	G719A 	lung-cancer
EGFR 	G719C 	lung-cancer
EGFR 	G719S 	lung-cancer
EGFR 	A763_Y764insFQEA 	lung-cancer
EGFR 	T790M 	lung-cancer
EGFR 	L858R 	lung-cancer
EGFR 	L861Q 	lung-cancer
KRAS 	G12R 	lung-cancer
KRAS 	G12S 	lung-cancer
KRAS 	G12A 	lung-cancer
KRAS 	G12D 	lung-cancer
KRAS 	G12V 	lung-cancer
KRAS 	G13C 	lung-cancer
KRAS 	G13R 	lung-cancer
KRAS 	G13S 	lung-cancer
KRAS 	G13A 	lung-cancer
KRAS 	G13D 	lung-cancer
KRAS 	Q61K 	lung-cancer
KRAS 	Q61L 	lung-cancer
KRAS 	Q61R 	lung-cancer
KRAS 	Q61H 	lung-cancer
KRAS 	Q61H 	lung-cancer
MEK1 	K57N 	lung-cancer
MEK1 	D67N 	lung-cancer
NRAS 	G12R 	lung-cancer
NRAS 	G12S 	lung-cancer
NRAS 	G12A 	lung-cancer
NRAS 	G12D 	lung-cancer
NRAS 	Q61K 	lung-cancer
NRAS 	Q61L 	lung-cancer
NRAS 	Q61R 	lung-cancer
NRAS 	Q61H 	lung-cancer
PIK3CA 	E545K 	lung-cancer
PIK3CA 	E545Q 	lung-cancer
PIK3CA 	H1047L 	lung-cancer
PIK3CA 	H1047R 	lung-cancer
BRAF 	D594H 	melanoma
BRAF 	D594N 	melanoma
BRAF 	D594G 	melanoma
BRAF 	D594V 	melanoma
BRAF 	D594E 	melanoma
BRAF 	D594E 	melanoma
BRAF 	L597V 	melanoma
BRAF 	L597S 	melanoma
BRAF 	L597Q 	melanoma
BRAF 	L597R 	melanoma
BRAF 	V600M 	melanoma
BRAF 	V600K 	melanoma
BRAF 	V600R 	melanoma
BRAF 	V600E 	melanoma
BRAF 	V600G 	melanoma
BRAF 	V600D 	melanoma
BRAF 	V600E 	melanoma
BRAF 	K601E 	melanoma
CTNNB1 	S37Y 	melanoma
CTNNB1 	S45P 	melanoma
CTNNB1 	S45F 	melanoma
CTNNB1 	S45Y 	melanoma
GNA11 	Q209P 	melanoma
GNAQ 	Q209P 	melanoma
GNAQ 	Q209R 	melanoma
KIT 	W557R 	melanoma
KIT 	V559A 	melanoma
KIT 	V559D 	melanoma
KIT 	L576P 	melanoma
KIT 	K642E 	melanoma
KIT 	D816H 	melanoma
MEK1 	I111S 	melanoma
MEK1 	C121S 	melanoma
MEK1 	P124S 	melanoma
MEK1 	P124L 	melanoma
MEK1 	E203K 	melanoma
MEK1 	P264S 	melanoma
MEK1 	N382H 	melanoma
NRAS 	G12R 	melanoma
NRAS 	G12S 	melanoma
NRAS 	G12A 	melanoma
NRAS 	G12D 	melanoma
NRAS 	G12V 	melanoma
NRAS 	G13R 	melanoma
NRAS 	G13C 	melanoma
NRAS 	G13A 	melanoma
NRAS 	G13D 	melanoma
NRAS 	G13V 	melanoma
NRAS 	Q61E 	melanoma
NRAS 	Q61K 	melanoma
NRAS 	Q61L 	melanoma
NRAS 	Q61P 	melanoma
NRAS 	Q61R 	melanoma
NRAS 	Q61L 	melanoma
NRAS 	Q61R 	melanoma
NRAS 	Q61H 	melanoma
NRAS 	Q61H 	melanoma
ALK 	T1151M 	neuroblastoma
ALK 	I1171N 	neuroblastoma
ALK 	F1174C 	neuroblastoma
ALK 	F1174I 	neuroblastoma
ALK 	F1174L 	neuroblastoma
ALK 	F1174V 	neuroblastoma
ALK 	F1245C 	neuroblastoma
ALK 	F1245L 	neuroblastoma
ALK 	F1245V 	neuroblastoma
ALK 	R1275Q 	neuroblastoma
ALK 	Y1278S 	neuroblastoma
BRAF 	V600E 	ovarianCancer
KRAS 	G12R 	ovarianCancer
KRAS 	G12A 	ovarianCancer
KRAS 	G12D 	ovarianCancer
KRAS 	G12V 	ovarianCancer
KRAS 	G13D 	ovarianCancer
PIK3CA 	E545K 	ovarianCancer
PIK3CA 	E545A 	ovarianCancer
PIK3CA 	Q546K 	ovarianCancer
PIK3CA 	H1047L 	ovarianCancer
PIK3CA 	H1047R 	ovarianCancer
PTEN 	R130* 	ovarianCancer
PTEN 	R130Q 	ovarianCancer
PTEN 	R130fs*4 	ovarianCancer
PTEN 	P248fs*5 	ovarianCancer
PTEN 	N323fs*2 	ovarianCancer
PTEN 	N323fs*21 	ovarianCancer
KIT 	Y553N 	thymic-carcinoma
KIT 	W557R 	thymic-carcinoma
KIT 	V559A 	thymic-carcinoma
KIT 	V560del 	thymic-carcinoma
KIT 	L576P 	thymic-carcinoma
KIT 	P577_D579del 	thymic-carcinoma
KIT 	H697Y 	thymic-carcinoma
KIT 	D820E 	thymic-carcinoma
BRAF 	V600E 	thyroid-cancer
HRAS 	G12V 	thyroid-cancer
HRAS 	G13C 	thyroid-cancer
HRAS 	G13R 	thyroid-cancer
HRAS 	Q61R 	thyroid-cancer
KRAS 	G12R 	thyroid-cancer
KRAS 	G12S 	thyroid-cancer
KRAS 	G12A 	thyroid-cancer
KRAS 	G12D 	thyroid-cancer
KRAS 	G12V 	thyroid-cancer
KRAS 	G13R 	thyroid-cancer
KRAS 	G13S 	thyroid-cancer
KRAS 	G13D 	thyroid-cancer
KRAS 	Q61K 	thyroid-cancer
KRAS 	Q61L 	thyroid-cancer
KRAS 	Q61P 	thyroid-cancer
KRAS 	Q61R 	thyroid-cancer
KRAS 	A146V 	thyroid-cancer
NRAS 	Q61R 	thyroid-cancer
